Сайт криптовалюты;Плата;ссылка 1;ссылка 2;
https://www.binance.com/;https://www.binance.com/en/fee/schedule;https://t.me/binanceexchange;https://twitter.com/binance;
https://www.huobi.com/;https://www.hbg.com/about/fee/;https://twitter.com/HuobiGlobal;;
https://pro.coinbase.com;https://support.pro.coinbase.com/customer/en/portal/articles/2945310-fees;https://blog.coinbase.com/pro/home;https://twitter.com/CoinbasePro;
https://www.kraken.com;https://www.kraken.com/en-us/help/fees;https://blog.kraken.com/;https://twitter.com/krakenfx;
https://www.bithumb.com/;https://en.bithumb.com/customer_support/info_fee;https://blog.naver.com/bithumb_official;https://t.me/BithumbExchange;
https://www.bitfinex.com;https://www.bitfinex.com/fees;http://blog.bitfinex.com/;https://twitter.com/bitfinex;
https://www.zb.com/;https://www.zb.com/i/rate;https://www.zb.com/i/blog;https://t.me/ZB_support;https://twitter.com/Zb_group
https://bitflyer.com/en-us/;https://bitflyer.com/en-jp/commission;;;
https://upbit.com/;https://upbit.com/service_center/guide;https://pf.kakao.com/_DWxgVxl;;
https://bittrex.com;https://bittrex.com/Fees;https://support.bittrex.com/hc/en-us/sections/360000567032-Blog;https://twitter.com/BittrexExchange;
https://www.bitstamp.net;https://www.bitstamp.net/fee_schedule/;https://www.bitstamp.net/news/;;
https://coinone.co.kr/;https://coinone.co.kr/fees/;https://coinone.co.kr/chat/;;
https://www.bkex.com/;https://www.bkex.com/help/instruction/33;https://t.me/BKEXEnglish;;
https://coinsbit.io/;https://coinsbit.io/fee-schedule;https://t.me/coinsbit_chat;;
https://bitbank.cc;https://bitbank.cc/docs/fees/;https://blog.bitbank.cc/;;
https://www.kucoin.com;https://www.kucoin.com/vip/level;https://www.kucoin.com/news;https://t.me/joinchat/FMqUpg1_vED9MSDJPPcFkg;
https://www.okex.com;https://www.okex.com/pages/products/fees.html;https://t.me/okexofficial_en;https://twitter.com/OKEx;
https://www.bibox.com/;https://bibox.zendesk.com/hc/zh-cn/articles/115004417013-Bibox-%E6%89%8B%E7%BB%AD%E8%B4%B9%E8%AF%B4%E6%98%8E;https://t.me/biboxglobal;;
https://www.luno.com/en/exchange;https://www.luno.com/en/countries;https://www.luno.com/blog/en/;;
https://folgory.com/;https://folgory.com/fee;;;
https://www.digifinex.com/;https://www.digifinex.com/notice/410;https://t.me/DigiFinexcn;https://twitter.com/digifinex;
https://ftx.com/;https://help.ftx.com/hc/en-us/articles/360024479432-Fees;https://t.me/FTX_Official;https://twitter.com/SBF_Alameda;
https://gate.io/;https://gate.io/fee;https://t.me/gateio;https://twitter.com/gate_io;
https://www.coineal.com/;https://www.coineal.com/static-page/about/en_US/?rates#en_US;https://t.me/coineal;;
https://www.zbg.com/;https://www.zbg.com/help/rate;https://medium.com/@ZBGofficial;https://t.me/zbg_official;
https://hitbtc.com;https://hitbtc.com/fee-tier;https://blog.hitbtc.com/;https://t.me/EN_HitBTC;
https://www.binance.us/en;https://www.binance.us/en/fee/schedule;;;
https://www.bitforex.com;https://twitter.com/bitforexcom;;;
https://www.paribu.com/;https://destek.paribu.com/hc/tr/articles/115001550829-Komisyon-%C3%9Ccretleri-Nelerdir-;;;
https://poloniex.com;https://poloniex.com/fees/;;;
https://www.liquid.com/;https://intercom.help/liquidglobal/getting-started-with-liquid/the-platform/fee-structure;https://blog.liquid.com/;https://twitter.com/Liquid_Global;
https://www.bitrue.com/;https://www.bitrue.com/exchange-web/footer/fees.html;https://t.me/BitrueOfficial;https://twitter.com/BitrueOfficial;
https://www.huobi.co.kr/;https://support.huobi.co.kr/hc/ko/articles/360002213031-%EC%88%98%EC%88%98%EB%A3%8C-%EC%95%88%EB%82%B4;https://t.me/huobikorea;;
https://exmo.me/;https://exmo.com/en/docs/fees;https://exmo.com/en/news;https://t.me/exmo_official;https://twitter.com/Exmo_com
https://www.coinex.com/;https://www.coinex.com/fees;https://t.me/joinchat/GW1OYlAkoeWG7J_vO--nCA;;
https://indodax.com/;https://help.indodax.com/bagaimana-rincian-fee-di-indodax-com/;https://blog.indodax.com/;;
https://www.gopax.co.kr;;;;
https://www.probit.com/en-us/;https://support.probit.com/hc/en-us/articles/360020968611;https://medium.com/@ProBit_Exchange;https://t.me/ProbitEnglish;
https://bitvavo.com/en;https://support.bitvavo.com/l/en/article/23841kfeld-transaction-fee-digital-currency;https://blog.bitvavo.com/;;
https://www.lbank.info/;https://www.lbank.info/fees.html;https://medium.com/LBank;https://t.me/LBank_en;
https://latoken.com/;https://medium.com/@latoken;https://t.me/latoken;;
https://www.bione.info/;https://www.bione.info/cms/fee;https://t.me/BIONE_EX;;
https://vcc.exchange/;https://support.vcc.exchange/hc/en-us/articles/360016401754-Fee-Structure-on-VCC;https://medium.com/@vccexchange;https://t.me/vccexchange;
https://coindcx.com;https://coindcx.com/fees;https://blog.coindcx.com/;https://t.me/coindcx;
https://bitmax.io/;https://bitmax.io/#/feeRate/tradeRate;https://medium.com/@support_2385;https://t.me/BitMaxioEnglishOfficial;
https://pro.btcturk.com/;https://pro.btcturk.com/en/help/fees;https://medium.com/@btcturk;;
https://www.mercadobitcoin.com.br/;https://www.mercadobitcoin.com.br/comissoes-prazos-limites/;https://blog.mercadobitcoin.com.br/;;
https://www.mxc.com/;https://www.mxc.com/info/fee;https://medium.com/@mxc.com;https://t.me/MXCEnglish;https://twitter.com/MXC_Exchange
https://www.rightbtc.com;https://www.rightbtc.com/#!/support/fee;https://t.me/RightbtcExchange;;
https://www.bw.com/;https://www.bw.com/help/rate;https://www.bw.com/blog;;
https://p2pb2b.io/;https://p2pb2b.io/fee-schedule;https://t.me/p2pb2b_io;;
https://www.bitz.ai/;https://www.bit-z.com/about/fee;https://medium.com/@Bit_z.com;https://t.me/bitzEN;
https://hoo.com/;https://medium.com/@HooWallet;https://t.me/joinchat/ItJ8ehB41DNOo6iRShI7Pg;https://twitter.com/hoo_exchange;
https://www.bithumb.pro/;https://www.bithumb.pro/en-us/fee;https://medium.com/@bithumbglobal;https://t.me/BithumbGlobal;https://twitter.com/BithumbGlobal
https://www.aax.com/;https://www.aax.com/fees;https://blog.aax.com/en/;https://t.me/aaxcommunity;https://twitter.com/AAXExchange
https://big.one/;https://big.one/fee;https://bigone.zendesk.com/hc/en-us/sections/115000476773-Latest-News;https://t.me/B1_EN;https://twitter.com/BigONEexchange
https://exrates.me/;http://support.exrates.me/instructions/;https://t.me/exrates_official;;
https://international.indoex.io/;https://international.indoex.io/fees;https://international.indoex.io/blog;https://t.me/indoexofficial;
https://www.cointiger.com;https://www.cointiger.pro/exchange/footer/rate.html;https://t.me/Cointiger_en;https://twitter.com/CoinTigerEX;
https://bilaxy.com/;https://bilaxy.com/news/detail?id=37;;;
https://cex.io;https://cex.io/fee-schedule;http://blog.cex.io/;https://twitter.com/cex_io;
https://www.stex.com/;https://app.stex.com/en/pairs-specification;https://t.me/joinchat/AAAAAELA-2puemW2u6QryQ;;
https://alterdice.com/;https://alterdice.com/page/fees;https://alterdice.com/news;https://t.me/alterdice_community_eng;
https://www.livecoin.net/;https://www.livecoin.net/en/fees;;;
https://bitmart.com;https://www.bitmart.com/fee/en;https://medium.com/@bitmart.exchange;https://t.me/BitMartExchange;https://twitter.com/BitMartExchange
https://coinhe.io/;https://coinhe.io/fees;https://blog.coinhe.io/;https://t.me/coinheio;
https://gemini.com/;https://gemini.com/trading-fee-schedule/;https://gemini.com/blog;https://twitter.com/Gemini;
https://oceanex.pro/;https://oceanex.pro/fees;https://medium.com/@OceanEx/;https://t.me/OceanEx_Official/;https://twitter.com/OceanexOfficial
https://wazirx.com/;https://support.wazirx.com/hc/en-us/articles/360001291234-Trading-Deposit-Withdrawal-Fees;https://medium.com/wazirx;https://t.me/wazirx;
https://www.hotbit.io/;https://www.hotbit.io/support?page=fees;https://t.me/Hotbit_English;;
https://www.bitkub.com/;https://support.bitkub.com/hc/en-us/articles/360000332611-Fees;https://medium.com/bitkub/thai/home;https://t.me/bitkubofficial;https://twitter.com/bitkubofficial
https://stormgain.com;https://stormgain.com/fees-and-limits;https://stormgain.com/news;https://t.me/StormGain;https://twitter.com/StormGain_com
https://bitubu.com/;https://bitubu.com/info;https://medium.com/@BitubuExchange;https://t.me/bitubu;
https://lakebtc.com/;https://www.lakebtc.com/s/fees;;;
https://mercatox.com/;https://mercatox.com/fees;https://t.me/mercatox_official;;
https://bitso.com;https://bitso.com/fees;https://blog.bitso.com/;https://twitter.com/bitso;
http://huobi.com.ru/;https://www.huobi.com.ru/about/fee/;https://t.me/myhuobi;;
https://www.coinbene.com/;https://www.coinbene.com/fee.html#/fee;https://t.me/coinbene;https://twitter.com/coinbene;
https://www.jex.com/en;https://jexhelp.zendesk.com/hc/en-us/articles/115001500431;https://t.me/JEX_EN;;
https://www.okcoin.com;https://support.okcoin.com/hc/en-us/articles/360015261532;;;
https://btc-alpha.com/;https://btc-alpha.com/fees/;;;
https://www.crossexchange.io/;https://support.crossexchange.io/hc/en-us/articles/360016106732--Fee-standard;https://en.coinmarket.media/;https://t.me/joinchat/JWOAXVTobUak-df6O0W2KQ;
https://www.coinfield.com/;https://www.coinfield.com/support/trading-fees;https://coinfield.com/company/crypto-currency-exchange;https://t.me/CoinFieldEX;
https://cryptonex.org;https://cryptonex.org/fees;;;
https://whitebit.com;https://whitebit.com/fee-schedule;https://medium.com/whitebit;https://t.me/White_Bit;
https://www.b2bx.exchange/;https://www.b2bx.exchange/trading/trading-fees/;https://www.b2bx.exchange/category/news/;https://t.me/b2bx_eng;
https://www.bitpanda.com/en/pro;https://www.bitpanda.com/en/pro/fees;https://t.me/BitpandaGE_EN;;
https://www.zebpay.com/;https://www.zebpay.com/fees/;http://t.me/zebpayofficial;;
https://vindax.com/;https://vindax.com/fees.html;https://medium.com/@VindaxExchange;https://t.me/vindax;
https://bbx.com/;https://support.bbx.com/hc/en-us/articles/360000537814-Fee-Structure-on-BBX;https://medium.com/@bbxcom;https://t.me/bbx_en;
https://zaif.jp;https://zaif.jp/fee;;;
https://bitbay.net;https://bitbay.net/en/fees;https://steemit.com/@bitbay.net;https://t.me/BitBayBitcoin;
http://www.novadax.com.br/;https://www.novadax.com.br/support/fees-and-limits;https://blog.novadax.com/;https://t.me/NovaDAX_BR;
https://yobit.net;https://yobit.net/en/fees/;https://t.me/yobichaten;;
https://www.bitcointrade.com.br/;https://www.bitcointrade.com.br/fees;;;
https://crex24.com/;https://crex24.com/fees;https://bitcointalk.org/index.php?topic=2101721.0;https://t.me/Crex24News;
https://www.korbit.co.kr;;;;
https://www.coinzo.com/;https://support.coinzo.com/hc/tr/articles/360003831171-%C3%9Ccretler;https://medium.com/@coinzocom;;
https://cryptology.com/;https://intercom.help/cryptologyexchange/faq/frequently-asked-questions-faq;https://blog.cryptology.com/;https://t.me/cryptology_official;
https://coindeal.com/;https://coindeal.com/fees;https://t.me/coindeal_com;;
https://www.dcoin.com/;https://support.dcoin.com/hc/en-us/sections/360001315112;https://medium.com/dcoin-exchange;https://t.me/dcoinofficial;
https://bitexlive.com/;https://bitexlive.com/fees;https://t.me/bitexliveofficial;;
https://okex.co.kr/kr/view/;https://support.okex.co.kr/hc/ko/articles/360026166571;https://blog.naver.com/okcoinkr;;
https://www.binance.je/;https://www.binance.je/fees.html;https://t.me/Binance_Jersey;;
https://bitrabbit.com/;https://support.bitrabbit.com/hc/zh-cn/articles/360000635111;https://t.me/bitrabbit_en;;
https://currency.com/;https://exchange.currency.com/fees-charges;https://t.me/CurrencyComEnglish;https://twitter.com/CurrencyCom;
https://btcmarkets.net/;https://btcmarkets.net/fees;;;
https://www.tokok.com/;https://www.tokok.com/feeSchedule;https://www.weibo.com/tokokcom;https://t.me/tokokenglish;
https://tagz.com/;https://tagzsupport.zendesk.com/hc/en-us/articles/360033724451-Fees;https://tagz.com/news/;https://t.me/TagzExchange;
https://www.c2cx.com/;https://www.c2cx.com/in/fees;;;
https://omgfin.com/;https://omgfin.com/exchange/article/fees;https://medium.com/@omgfin;https://t.me/omgfinofficial;https://twitter.com/omgfin
https://www.velic.io/;https://www.velic.io/?pagename=support/faqdetail&faqId=28;https://medium.com/velicfinancial;https://t.me/velicfinancial;
https://www.coinall.com/;https://support.coinall.com/hc/en-us/articles/360008837931-Fees-details;;;
https://www.huobi.co.th;https://www.huobi.co.th/page#id=1850;https://medium.com/@huobithailand;https://t.me/huobithailand;
https://www.cryptomkt.com/;https://www.cryptomkt.com/en/fees;https://noticias.cryptomkt.com;;
https://exchange.coinjar.com/;https://exchange.coinjar.com/#pricing;https://blog.coinjar.com/;;
https://vinex.network/;https://support.vinex.network/hc/en-us/articles/360015508312-Fees;https://medium.com/vinexnetwork;https://t.me/vinexnetwork;
https://www.huobi.com.co/exchange/;https://www.huobi.com.co/about/fee/;https://t.me/Huobi_Indonesia_Exchange;;
https://tradeogre.com/;;;;
https://dragonex.io;https://dragonex.zendesk.com/hc/zh-cn/articles/115002431171-%E8%B4%B9%E7%8E%87%E8%AF%B4%E6%98%8E;https://t.me/Dragonex_io;;
https://www.independentreserve.com/;;;;
https://bisq.network/;https://bisq.network/faq/;https://bisq.network/blog/;https://bisq.slack.com/join/shared_invite/enQtMzM5OTc4NzU0NDE3LTk3ZDE0ZDljOTc0ZTY0Nzc5MzEyZjlmYzI5ZDAwNTkyMWJlZWRjZjY3OTU4ZjIxMWQ2M2JlNWI0MWZkM2ZhZjI;
https://tidex.com/;http://list.wiki/Tidex#Tidex_Fees;https://medium.com/@TIDEX;https://t.me/Tidex_Exchange;
https://www.hbtc.com/;https://hbtc.zendesk.com/hc/en-us/articles/360009274694;https://t.me/HBTCOfficial;;
https://koinim.com/;https://koinim.com/pricing/;;;
https://kuna.io;https://kuna.io/fees;https://investors.kuna.io/;https://t.me/kuna_sco_ua_ru;
https://www.foblgate.com/;https://www.foblgate.com/fees;https://open.kakao.com/o/gLXxTdpb;;
https://therocktrading.com;https://www.therocktrading.com/en/pages/fees;https://medium.com/the-rock-trading;https://telegram.me/trtchat;
https://www.coinsuper.com/;https://www.coinsuper.com/footer/tradeContent/article?title=Trading&articleSeqNo=1615921751160934405;https://medium.com/coinsuper;https://t.me/CoinsuperEx;
https://trade.50x.com/;https://fees.50x.com/;https://t.me/official_50x;https://twitter.com/50x_com;
https://coinmate.io;https://coinmate.io/fees;;;
https://www.southxchange.com/;;;;
https://www.tokens.net/;https://www.tokens.net/fees/;https://www.tokens.net/blog/;https://t.me/TokensNetExchange;
https://lykke.com/exchange.php;https://www.lykke.com/cp/api-wallet-trading-rules-fees-limits;https://www.lykke.com/city/blog;https://telegram.me/joinchat/AEGiqkF-_dNaHMwQbRSnAg;
https://graviex.net/;https://graviex.net/documents/fees-and-discounts;https://t.me/graviex;;
https://idex.market;https://idex.market/faq;https://medium.com/aurora-dao;https://bit.ly/AuroraDiscord;
https://btc-trade.com.ua/;https://btc-trade.com.ua/page/fees;http://news.btc-trade.com.ua/;;
https://satang.pro/;http://support.satang.com/satang-pro-fee/satang-pro-fees-%E0%B8%95%E0%B8%B2%E0%B8%A3%E0%B8%B2%E0%B8%87%E0%B8%84%E0%B8%B2%E0%B8%98%E0%B8%A3%E0%B8%A3%E0%B8%A1%E0%B9%80%E0%B8%99%E0%B8%B5%E0%B8%A2%E0%B8%A1;https://line.me/ti/g2/cU9w1_CyM-HCqvGiO9Lb2w;;
https://waves.exchange/;;;;
https://dsx.uk;https://dsx.uk/fees/;;;
https://www.altilly.com;https://www.altilly.com/page/fees;https://www.medium.com/@altilly;https://t.me/altilly;
https://coinfalcon.com/;https://coinfalcon.com/fees;https://coinfalcon.com/blog/;https://t.me/coinfalcon;
https://poloniex.org/;https://t.me/PoloniDEXEN;https://twitter.com/PoloniDEX;;
https://braziliex.com;https://braziliex.com/exchange/fees.php;http://blog.braziliex.com/;;
https://coinut.com/;https://help.coinut.com/hc/en-us/articles/360001416133-Fee-schedule;https://t.me/coinut;;
https://tokenomy.com/;https://desk.zoho.com/portal/tokenomy/kb/articles/funding-fee-and-trading-fee;https://medium.com/@tokenomy;https://t.me/tokenomyenglish;
https://bleutrade.com;;;;
https://www.bithumbsg.com/;https://www.bithumbsg.com/support/fees;;;
https://simex.global;https://simex.global/en/faq/about;;;
https://bgogo.com/;https://bgogo.com/fees;https://bgogohelp.zendesk.com/hc/en-us/categories/360000939012-Announcements;;
https://www.finexbox.com/;https://www.finexbox.com/Bitcoin/token/ico/1000.html;https://medium.com/@FinexBox.com;https://t.me/finexbox2018;
https://www.crxzone.com/;https://www.crxzone.com/services/fees;https://www.crxzone.com/company/news;;
https://www.satoexchange.com/;https://www.satoexchange.com/fee-structure/;https://medium.com/satoexchange;https://t.me/satoexchange_official;
https://www.cryptaldash.com/;https://help.cryptaldash.com/hc/en-us/articles/360008320433-How-much-is-CryptalDash-charging-in-transaction-fees-Is-this-on-top-of-what-the-user-has-to-pay-the-underlying-exchanges-;https://medium.com/@cryptaldashcoin;https://t.me/CryptalDash;
https://trade.dydx.exchange/;https://help.dydx.exchange/en/articles/2906254-are-there-fees-to-using-dydx;https://medium.com/dydxderivatives;https://t.me/joinchat/GBnMlBb9mQblQck2pThTgw;
https://ddex.io/;https://support.ddex.io/hc/en-us/articles/115004535333-Fees;https://medium.com/ddex;https://t.me/ddexio;
https://www.itbit.com;https://www.itbit.com/fees;;;
https://www.binance.org/en;https://docs.binance.org/trading-spec.html;https://t.me/BinanceDEXchange;;
http://coinfloor.co.uk/;https://coinfloor.co.uk/fees;https://blog.coinfloor.co.uk/;;
https://c-patex.com/;https://c-patex.com/;;;
https://www.tidebit.com/;;;;
https://www.hcoin.com/;https://www.hcoin86.com/#/article/support/a92af010-3eb3-4cae-9449-8f8916147e2b;https://t.me/HCoinOfficial;;
https://www.biki.cc/en_US/;https://bikiuser.zendesk.com/hc/en-us/articles/360019778651-BiKi-Fees;https://blog.biki.cc/;https://t.me/BiKiEnglish;https://twitter.com/BiKiEnglish
https://coinmetro.com/;https://coinmetro.com/;https://coinmetro.com/blog/;https://t.me/CoinMetro;
https://coincheck.com/;https://coincheck.com/info/fee;https://coincheck.blog/;;
https://www.exx.com/;;;;
https://www.paymium.com/;https://www.paymium.com/page/help/fees;https://t.co/DeM2pogA3n;;
https://aidosmarket.com/;https://aidosmarket.com/fee-schedule;;;
https://www.btc-exchange.com/;;;;
https://switcheo.network;https://support.switcheo.network/switcheonetwork/faq/fees/trading-fees;https://twitter.com/SwitcheoNetwork;;
https://loopring.io/trade/;https://loopring.io/document/fees;https://medium.com/loopring-protocol;https://t.me/loopring_en;https://twitter.com/loopringorg
https://otcbtc.com/;https://otcbtc.com/fee;https://medium.com/otcbtc;https://t.me/otcbtc_en;
https://www.btcbox.co.jp/;;;;
https://ex.upex.io/;https://upex.zendesk.com/hc/en-us/articles/360023770212;https://t.me/upex_io;;
https://rfinex.com/;;;;
https://www.coinbit.co.kr/;https://www.coinbit.co.kr/customer/feeinfo;https://www.coinbit.co.kr/customer/main;https://t.me/CoinbitGlobal;
https://www.bitstamp.net/;https://www.bitstamp.net/fee_schedule/;;;
https://www.altcointrader.co.za/;https://www.altcointrader.co.za/trading-fees;;;
https://uniswap.org/;https://uniswap.org/blog/;https://discord.gg/5Wfqau;;
https://www.bitribe.com;https://bitribesupport2207.zendesk.com/hc/zh-cn/articles/900000181363;;;
https://www.chiliz.net/;https://chiliz.zendesk.com/hc/en-us/articles/360011405940-Chiliz-net-Fee-Structure;https://www.medium.com/chiliz/;;
https://bitbns.com/;https://bitbns.com/fees/;https://medium.com/bitbns;https://t.me/Bitbns;
https://www.beaxy.com/;https://beaxy.com/faq/what-is-the-fee-structure/;https://medium.com/beaxy-exchange;;
https://www.gdac.com;https://support.whalex.com/hc/ko/articles/360001468134-%EC%9E%85%EC%B6%9C%EA%B8%88-%EC%88%98%EC%88%98%EB%A3%8C-%EC%B5%9C%EC%86%8C-%EC%B6%9C%EA%B8%88-%EC%88%98%EB%9F%89-%EC%B5%9C%EC%86%8C-%EC%BB%A8%ED%8E%8C-%EA%B0%AF%EC%88%98;;;
https://www.valr.com;https://support.valr.com/hc/en-us/articles/360015777451-What-are-VALR-s-fees-;;;
https://namebase.io;https://help.namebase.io/article/tdq3zeq0p1-namebase-pro-fees;https://namebase.io/blog;https://t.me/handshake_hns;
https://www.buda.com;https://www.buda.com/comisiones;https://www.buda.com/blog/;;
https://exmarkets.com/;https://medium.com/@exmarkets;https://t.me/ExMarkets_Exchange;;
https://www.thodex.com;https://www.thodex.com/tr/fees;https://www.thodex.com/tr/support;;
https://sistemkoin.com/;https://sistemkoin.com/#/ucretler;https://blog.sistemkoin.com/;https://t.me/sistemkoinofficial;
https://www.exir.io/;https://www.exir.io/exir_fees/;https://www.exir.io/cats/blog/;https://t.me/exirofficial;
https://www.etherflyer.com/;https://t.me/etherFlyer;;;
https://www.litebit.eu/;;;;
https://www.catex.io/;https://www.catex.io/fee;https://www.catex.io/announcement;https://t.me/catex_group;
https://bittylicious.com;;;;
https://nominex.io/;https://nominex.io/fees/;https://nominex.io/blog/;https://t.me/NominexExchange;
https://max.maicoin.com;https://max.maicoin.com/docs/fees;https://t.me/MAXexchange;;
https://www.airswap.io/;https://www.airswap.io/faq;https://blog.airswap.io/;https://t.me/airswap;
https://www.idcm.io/;https://www.idcm.io/help/rate;https://www.idcm.io/news/announcement;https://t.me/idcmarket;
https://www.vebitcoin.com/;https://www.vebitcoin.com/fees;https://t.me/vebitcoincom;;
https://www.fatbtc.com/;https://www.fatbtc.com/fees;https://t.me/fatbtc;;
https://www.bitay.com/en;https://www.bitay.com/fees;;;
https://www.coincorner.com/;https://www.coincorner.com/Fees;;;
https://bitonic.nl;https://bitonic.nl/en/bl3p;;;
https://prizmbit.com/;https://prizmbit.com/fees-limits/;https://t.me/prizmbitnews;https://t.me/prizmbitchat;
https://www.gatehub.net/;https://www.gatehub.net/fees;http://blog.gatehub.net/;;
https://bitclude.com/;https://bitclude.com/en/fees-in-bitclude;https://t.me/bitclude;;
https://www.duedex.com/;https://duedex.zendesk.com/hc/en-us/articles/360022357973-Perpetual-Swaps-Trading-Fees;https://medium.com/duedex;https://t.me/DueDEX_en_Official;
https://www.rekeningku.com;https://help.rekeningku.com/biaya-transaksi-dan-biaya-pengiriman-coin/;https://t.me/Rekeningkucom;;
https://exchange.bitcoin.com/;https://t.me/BitcoinComExchange;https://twitter.com/bitcoincomexch;;
https://www.bancor.network/;https://blog.bancor.network/;https://t.me/bancor;;
https://oasis.app/;https://oasis.app/terms;https://blog.makerdao.com/oasis-trade-is-live/;https://t.me/makerdaoOfficial;
https://www.coinlim.com/;https://www.coinlim.com/#/feesRate;https://t.me/coinlim_cn;;
https://www.cashierest.com/;https://www.cashierest.com/Home/Fee;;;
https://www.citex.me/;https://citex.zendesk.com/hc/en-us/articles/360016171652-Transaction-Fee;https://t.me/CITEX_EN;;
https://uniswap.org/;https://uniswap.org/blog/;https://discord.gg/5Wfqau;;
https://bitsonic.co.kr;https://bitsonic.co.kr/cs/fee;https://medium.com/@bitsonic;;
https://cobinhood.com/;https://cobinhood.com/terms;https://medium.com/@Cobinhood;https://t.me/cobinhood;
https://bitex.la;https://bitex.la/terms-and-conditions#fees;;;
https://www.tokocrypto.com/;https://support.tokocrypto.com/hc/en-us/articles/360004044591--What-are-the-fees-for-transactions-in-Tokocrypto-;https://t.me/TokocryptoOfficial;;
https://birake.com/;https://trade.birake.com/info/fees;https://medium.com/@birakecom;https://t.me/birakecom;
https://stellarterm.com/#markets;;;;
https://www.bidesk.com/;https://bidesk.zendesk.com/hc/en-us/articles/360035858954-Fee-Structure;https://bidesk.zendesk.com/hc/en-us;https://t.me/bidesk_exchange;
https://app.lukki.io/;https://app.lukki.io/fees;https://medium.com/@lukkiteam;https://t.me/lukkichat;
https://www.wbf.live/;https://wbfex.zendesk.com/hc/en-us/articles/360012964374;https://medium.com/@WBFex;https://t.me/WBFex_EN;
https://forkdelta.app/;https://www.reddit.com/r/EtherDelta/comments/6hrvwl/how_fees_work/;https://gitter.im/etherdelta/etherdelta.github.io;;
https://bitexbook.com/;https://bitexbook.com/en/commission/transaction;https://t.me/bitexbook;;
https://www.paritex.com/exchange;https://www.paritex.com/fee;https://medium.com/@paritexglobal;https://t.me/paritexexchange;
https://globitex.com;https://globitex.com/fees.htm;https://t.me/globitex_com;;
https://www.virtuse.com/;https://www.virtuse.com/fees/;https://medium.com/virtuseexchange;https://t.me/virtuse;
https://www.bitfront.me/;https://www.bitfront.me/fees;https://linecorp.com/en/pr/news/global/;https://t.me/bitbox_official;
https://www.bitci.com/;https://www.bitci.com/komisyonlar;https://wiki.bitci.com/;https://t.me/bitcicom;
https://kyber.network/;https://developer.kyber.network/docs/MiscellaneousGuide;;;
https://abcc.com/;https://help.abcc.com/hc/en-us/articles/360002320471-Fees;https://t.me/abcc_en;;
https://kryptono.exchange;https://kryptono.zendesk.com/hc/en-us/articles/360004347772-Fee-on-Kryptono-Exchange-;https://medium.com/@kryptono;https://t.me/kryptonoexchangeKnow;
https://freiexchange.com/;https://freiexchange.com/pages/fees;;;
https://timex.io/;https://timex.io/faq;https://blog.chronobank.io/;https://t.me/timexio;
https://txbit.io/;https://txbit.io/Fee;https://medium.com/@txbit/;https://t.me/txbit;
https://www.cpdax.com/;https://support.cpdax.com/index.php/en/fee-en/;https://support.cpdax.com/index.php/ko/category/notices-ko/;;
https://yunex.io/;https://support.yunex.io/hc/zh-tw/articles/360003486391-%E8%B2%BB%E7%8E%87%E6%A8%99%E6%BA%96;https://t.me/Yunexofficial;;
https://www.binance.kr/;https://www.binance.kr/fees/schedule;https://binancekr.zendesk.com/hc/en-us/categories/360002593952-%EA%B3%B5%EC%A7%80%EC%82%AC%ED%95%AD;;
https://chainx.kr/;https://chainx.zendesk.com/hc/ko/articles/360031377913-Deposit-Withdrawal-Fee-Structure;https://t.me/chainx_official;;
https://www.coss.io/;https://coss.io/c/fees;https://coss.io/news;https://t.me/myCOSS;
https://trade.emx.com;https://support.emx.com/hc/en-us/articles/360021905954-EMX-Fees-and-Rebates;https://t.me/evermarkets;;
https://www.hanbitco.com/;https://hanbitco.zendesk.com/hc/en-us/articles/115004456833-What-are-the-trading-fees-;https://medium.com/@hanbitco.com;https://t.me/hanbitco_com;
https://rudex.org/;https://audit.rudex.org/#/;;;
https://coinsbank.com/;https://coinsbank.com/fees;https://bitcointalk.org/index.php?topic=1426875;;
https://kr.coinzest.com/;https://www.coinzest.co.kr/app/cxweb/cs/CS1515.jsp;https://blog.naver.com/coinzest;;
https://www.bcex.ca/;http://bcex.udesk.cn/hc/articles/56273;https://0.plus/#/bcex_official;;
https://token.store/;https://token.store/fees;https://t.me/thetokenstore;;
https://www.bitasset.com/;https://bitasset.zendesk.com/hc/en-us/articles/360028459212;https://medium.com/bitasset;https://t.me/bitassetbitasset;
https://tpro.co.id/;https://triv.freshdesk.com/support/solutions/articles/6000174971-berapa-biaya-menggunakan-triv-;http://blog.triv.co.id/;;
https://polyx.net;https://polyx.net/fees;https://polyx.net/en/blog;https://t.me/polyxchange;
https://bitstorage.finance/;https://bitstorage.finance/fee-schedule.php;https://t.me/bitstorage;;
https://allbit.com/;https://allbit.com/customer/usagePolicy;https://allbit.com/news/article;https://t.me/joinchat/HdiEFBANrjf0-AVgrcbd6A;
https://cryptomate.co.uk;https://cryptomate.co.uk/faq;;;
https://xena.exchange/;https://trading.xena.exchange/platform-specification/fee-schedule;https://xena.exchange/blog;https://t.me/xenaexchange;
https://xcalibra.com/;https://xcalibra.com/status;https://xcalibra.com/blog;;
https://coingi.com/;https://coingi.com/fees;;;
https://nagax.com/;https://nagax.com/fees;https://naga.com/chat/public/qGp6MDoEROHnHJjXep2p;;
https://www.cbx.one/;https://customer.cbx.one/hc/en-us/articles/360019294451;https://t.me/cbxone;https://twitter.com/cbx_one;
https://localtrade.cc/;https://localtrade.cc/rates/;https://localtrade.cc/news.html;https://t.me/localtradecc;
https://www.bitvast.com/;https://www.bitvast.com/fees;https://medium.com/@bitvast;;
https://www.paybito.com;https://www.paybito.com/exchange-fees;https://www.hashcashconsultants.com/media/;https://t.me/HashCash;
https://acx.io/;https://help.acx.io/fees;;;
https://www.bithesap.com/;https://destek.bithesap.com/hc/tr/articles/115003349151;;;
https://www.metalx.com/;https://www.metalx.com/fees;https://discord.gg/5Ky5XeX;;
https://dex-trade.com/;https://dex-trade.com/page/fees;https://dex-trade.com/news;https://t.me/Dex_Trade;
https://artisturba.com/;https://artisturba.com/cms/fees;https://medium.com/artisturba;https://t.me/artisturba;
https://tradebytrade.com/;https://tradebytrade.com/fees/;https://tradebytrade.com/blog/;;
https://www.hubi.com/;https://www.hubi.com/#/common/page/RATE;https://t.me/hubiofficial;;
https://www.zg.com/;https://zgcom.udesk.cn/hc/articles/83513?api_name=;https://medium.com/@gaotony;https://t.me/ZGcomGroups;
https://topbtc.one/;https://topbtc.one/index.php/home/art/index/id/297.html;;;
https://www.ovex.io/;https://www.ovex.io/fees;https://medium.com/@ovex;https://t.me/ovexio;
https://www.ecxx.com/;https://ecxx.freshdesk.com/en/support/solutions/articles/44001607366-what-is-the-fee-structure-and-withdrawal-limit-;https://blog.ecxx.com/;https://t.me/ecxxdotcom;
https://vitex.net/;https://vitex.net/faq;https://medium.com/vitelabs;https://t.me/vitexexchange;
https://shortex.net/;https://shortex.net/feeschedule;https://medium.com/@ShortexExchange;https://t.me/ShortexTelegram;
https://serenity.exchange/;https://serenity.exchange/faq;https://medium.com/@Serenity_financial;https://t.me/SerenityFinancial;
https://www.coinegg.com/;https://www.coinegg.com/fee.html;https://www.coinegg.com/news/;https://t.me/coineggofficial;
https://infinitycoin.exchange/;;;;
https://www.ooobtc.com;https://support.ooobtc.com/hc/en-us/articles/360002280872-Transfer-fee;https://t.me/ooobtcExchange;;
https://coinhub.io;https://www.coinhub.io/en/fees;;;
http://wg.iripplechina.com/;;;;
https://exchange.trade.io/trade/guest;https://trade.io/en;https://medium.com/@trade.io;https://t.me/TradeToken;
https://coinbe.net/;;;;
https://blackmoon.net/;https://blackmoon.net/fees;https://news.blackmooncrypto.com/;https://t.me/blackmooncryptochannel;
https://www.55.com/;https://www.55.com//#/fee;https://t.me/www55com_English;;
https://www.bitnaru.com;https://www.bitnaru.com/feeInformation;https://blog.naver.com/bitnaru_official;https://t.me/bitnaruofficial;
https://radarrelay.com/;https://radarrelay.com/terms/;https://medium.com/radarrelay;https://t.me/radar_relay;
;;;;
;;;;
https://xfutures.io/;https://support.xfutures.io/hc/en-us/articles/360003997080-Transaction-Rates;https://medium.com/xfutures;https://t.me/xFutures;
http://fexpro.net/;https://fexpro.net/helpCenter?type=9&listId=30&title=FEE_RATE;https://medium.com/@fexcoin;https://t.me/FexHongKong;
https://coinplace.pro/;https://coinplace.pro/wiki/Fees-and-Limits;https://medium.com/@CoinPlacePro;https://t.me/coinplace_eng;
https://www.curve.fi/;https://t.me/curvefi;;;
https://justswap.io/;https://t.me/JustSwapOfficial;;;
https://1inch.exchange/#/;https://t.me/OneInchExchange;;;
https://balancer.finance/;https://balancer.finance/blog-feed/;https://discord.gg/ARJWaeF;;
https://matcha.xyz/;http://help.matcha.xyz/en/articles/3983767-why-am-i-paying-a-0x-protocol-fee-on-my-trade;https://matcha.xyz/blog;;
https://bitsdaq.com/;https://support.bitsdaq.com/hc/en-us/articles/360015408114-Fee-Structure-on-Bitsdaq;https://medium.com/bitsdaq-exchange;https://t.me/BitsdaqExchangeOfficial;
https://oasisexc.com/;https://oasis-exc.com/account;;;
https://atomars.com/;https://atomars.com/page/fees;https://medium.com/@AtomarsExchange;https://t.me/AtomarsExchange;
https://tokenlon.im/instant;https://tokenlon.zendesk.com/hc/en-us/articles/360037260272;;;
https://ataix.com/;https://ataix.com/fees;https://ataix.com/news-blog;https://discordapp.com/invite/mFeVWX3;
https://compound.finance/markets;https://discord.com/invite/cU7vmVW;;;
https://mooniswap.exchange/#/swap;https://t.me/mooniswapchat;;;
https://www.bitopro.com/;https://www.bitopro.com/fees;https://t.me/BitoProOfficial;;
https://www.eterbase.com/;https://www.eterbase.com/exchange/fees/;https://medium.com/@ETERBASE;https://t.me/eterbase;
https://synthetix.exchange/;https://blog.synthetix.io/;https://discord.com/invite/AEdUHzt;;
;;;;
https://www.tokensets.com/;https://medium.com/set-protocol;https://t.me/joinchat/HcheVEsWJdvy9OwpWz0RGg;;
https://www.etoro.com/crypto/exchange/;https://www.etorox.com/about/fees/exchange-fees/;https://medium.com/@etorox;https://t.me/eTorox;
https://newdex.io/;https://newdex.zendesk.com/hc/en-us/articles/360015745751-Rate-standard;https://t.me/NewdexOfficialChannel;;
https://exchange.bitsten.com;https://exchange.bitsten.com/p/fee;https://help.bitsten.com/en/;https://t.me/bitsten_exchange;
https://nexusmutual.io/;https://medium.com/nexus-mutual;https://t.me/joinchat/K_g-fA-3CmFwXumCKQUXkw;;
http://bqtx.com/;https://medium.com/@BQT;https://t.me/BQTCommunity;;
https://www.giottus.com/tradeview;https://www.giottus.com/docs/fees.html;https://medium.com/@Giottus;https://t.me/giottus;
https://dex.cybex.io/;https://cybex.io/en/rates.html;https://t.me/CYBEXEnglish;;
https://app.deversifi.com/;https://blog.deversifi.com/introducing-deversifi2-0/;https://blog.deversifi.com/;https://t.me/deversifi;
https://digitalexchange.id/market;https://help.digitalexchange.id/en/support/solutions/articles/44000538215-digitalexchange-id-detailed-fees;https://medium.com/@digitalexchangeid;https://t.me/digitalexchangeidcommunity;
https://dex.tomochain.com;https://docs.tomochain.com/tomodex/tomodex-fee/trading-fee;https://medium.com/@tomodex;https://t.me/TomoDEX_Official;
https://trontrade.io/;https://trontrade.io/help;https://t.me/TronTrade;;
https://app.nash.io/trade/markets/asset-pairs;https://support.nash.io/hc/en-us/articles/360034801773-What-is-the-trading-fee-structure-on-Nash-;https://blog.nash.io/;https://community.nash.io/;
https://dex.blue/trading/;https://info.dex.blue/trading-fees;https://medium.com/dexdotblue;https://discord.gg/xYyDkWQ;
https://mesa.eth.link;https://docs.gnosis.io/protocol/docs/introduction1/#trades;https://medium.com/@gnosisPM;https://discord.gg/XTkpUtM;
https://coincasso.com;https://coincasso.com/fees-and-limits/;https://coincasso.com/news/;https://t.me/CoinCasso;
https://www.halodex.io/;https://medium.com/@haloplatform;https://t.me/haloplatform;;
https://www.allcoin.com/;http://allcoin.udesk.cn/hc/articles/59003;https://t.me/AllcoinEN;;
https://beta.isx.is;;;;
https://www.chaoex.com;https://www.chaoex.com/rateexplain;https://t.me/imchaoex;;
https://dex.top/;https://dextop.zendesk.com/hc/en-us/articles/360003501954;https://medium.com/@dex.top;https://t.me/DExtop_official;
https://exchange.gbx.gi/;https://exchange.gbx.gi/footer/serviceContent/article?title=Documents&articleSeqNo=1612151404718211073;https://medium.com/@Gibraltar.Blockchain.Exchange;https://t.me/GBXCommunity;
https://www.bcoin.sg/;https://www.bcoin.sg/footer/tradeContent/article?title=Trading&articleSeqNo=1609285916310274049;https://medium.com/bcoinsg/;https://t.me/bcoinsg_EN;
https://bamboorelay.com/;https://bamboorelay.com/fees;https://medium.com/bamboo-relay;https://t.me/bamboorelay;
